CancerMasterName,CancerAltName
"	CLAPO syndrome","Capillary malformation of the lower lip, lymphatic malformation of face and neck, asymmetry of face and limbs, and partial/generalized overgrowth"
Adrenal Cortical (Benign),Adrenal Cortical (Benign)
Adrenal Cortical (Benign),Adrenocortical Disease
Adrenal Cortical Carcinoma,Adrenal Cancer
Adrenal Cortical Carcinoma,Adrenal carcinoma
Adrenal Cortical Carcinoma,adrenal cortex cancer
Adrenal Cortical Carcinoma,adrenal cortex carcinoma
Adrenal Cortical Carcinoma,Adrenal Cortex Malignancy
Adrenal Cortical Carcinoma,Adrenal Cortical cancer
Adrenal Cortical Carcinoma,Adrenal Cortical carcinoma
Adrenal Cortical Carcinoma,Adrenal cortical Malignancy
Adrenal Cortical Carcinoma,adrenal gland cancer
Adrenal Cortical Carcinoma,Adrenal Malignancy
Adrenal Cortical Carcinoma,Adrenocortical carcinoma
Adrenal Cortical Carcinoma,Cancer of Adrenal
Adrenal Cortical Carcinoma,Cancer of Adrenal Cortex
Adrenal Cortical Carcinoma,Carcinoma of Adrenal
Adrenal Cortical Carcinoma,Carcinoma of Adrenal Cortex
Adrenal Cortical Carcinoma,Carcinoma of Adrenal cortical
Adrenal Cortical Carcinoma,Malignancy of Adrenal
Adrenal Cortical Carcinoma,Malignancy of Adrenal Cortex
Adrenal Cortical Carcinoma,Malignant Neoplasm of Adrenal Cortex
Adrenal Cortical Carcinoma,malignant tumor of adrenal cortex
Adrenal Hypoplasia,Adrenal hypoplasia
Adrenal Medulla Cancer,Adrenal medulla Cancer
Adrenal Medulla Cancer,Adrenal medulla Carcinoma
Adrenal Medulla Cancer,Adrenal medulla Malignancy
Adrenal Medulla Cancer,Cancer of Adrenal medulla
Adrenal Medulla Cancer,Carcinoma of Adrenal medulla
Adrenal Medulla Cancer,Malignancy of Adrenal medulla
Adrenal Neoplasm,Adrenal Adenoma
Adrenal Neoplasm,Adrenal Cortex Neoplasm
Adrenal Neoplasm,Adrenal Cortical Neoplasm
Adrenal Neoplasm,Adrenal Hyperplasia
Adrenal Neoplasm,Adrenal mass
Adrenal Neoplasm,Adrenal Medulla Hyperplasia
Adrenal Neoplasm,Adrenal Medulla Neoplasm
Adrenal Neoplasm,Adrenal Neoplasm
Adrenal Neoplasm,Adrenal Neuroblastoma
Adrenal Neoplasm,adrenocortical tumor
Adrenal Neoplasm,Adrenocortical Tumour
Adrenal Neoplasm,aldosterone-producing adrenal cortex adenoma
All Cancers,all cancer
All Cancers,ALL MALIGNANCY
All Cancers,Any cancer
All except breast cancer,all except breast cancer
Anal Cancer,Anal cancer
Anal Cancer,cancer of the anal canal
Appendiceal Cancer,appendiceal cancer
Appendiceal Cancer,appendix cancer
Appendiceal Cancer,Malignant Neoplasm of Appendix
Appendiceal Cancer,mucinous adenocarcinoma of the appendix
Appendiceal Neoplasm,appendiceal neoplasm
Appendiceal Neoplasm,Mucocele of Appendix
Appendix Cancer,Appendiceal carcinoma
Autonomic Nervous System Cancer,Autonomic nervous system
Bladder (Benign),Bladder (Benign)
Bladder Cancer,bladder cancer
Bladder Cancer,bladder carcinoma
Bladder Cancer,Bladder Malignancy
Bladder Cancer,Cancer of Bladder
Bladder Cancer,Cancer of urinary bladder
Bladder Cancer,Carcinoma of Bladder
Bladder Cancer,Carcinoma of urinary bladder
Bladder Cancer,Malignancy of Bladder
Bladder Cancer,Malignancy of urinary bladder
Bladder Cancer,Malignant neoplasm of bladder
Bladder Cancer,non-papillary transitional cell carcinoma of the bladder
Bladder Cancer,Urinary Bladder cancer
Bladder Cancer,Urinary Bladder carcinoma
Bladder Cancer,urinary bladder Malignancy
Bladder Neoplasm,Bladder Neoplasm
Bladder Neoplasm,Bladder Polyp
Bladder Neoplasm,bladder tumor
Blood (Benign),Aplastic Anemia
Blood (Benign),Blood (Benign)
Blood (Benign),"Dendritic cell, monocyte, B lymphocyte, and natural killer lymphocyte deficiency"
Blood (Benign),Erythrocytosis
Blood (Benign),Platelet disorder
Blood (Benign),Polycythemia vera
Blood (Benign),Thrombocythaemia
Blood (Benign),Venous thrombosis
Blood Benign,Thrombocytopenia
Blood Vessel (Benign),Blood Vessel (Benign)
Blood Vessel (Benign),Hemangioma
Blood Vessel (Benign),Hereditary Hemorrhagic Telangiectasia
Blood Vessel (Benign),"Renal artery stenosis
- Hypertension"
Blood Vessel (Benign),Retinal angioma
Bone (Benign),Bifid Rib
Bone (Benign),Bone (Benign)
Bone (Benign),"Clinodactyly 
- Syndactyly"
Bone (Benign),Congenital macrodactylia
Bone (Benign),craniosynostosis
Bone (Benign),Foot (Benign)
Bone (Benign),Jaw Keratocyst
Bone (Benign),jaw lesion
Bone (Benign),Jaw Tumor
Bone (Benign),Jaw-bone cyst
Bone (Benign),"Large halluces
- Short metatarsals"
Bone (Benign),Long bone dysplasia
Bone (Benign),Ossifying Jaw Fibroma
Bone (Benign),Osteoarthritis
Bone (Benign),Osteopetrosis
Bone (Benign),Rheumatoid Arthritis
Bone (Benign),"Scoliosis and Bone Dysplasia
- Spina bifida"
Bone (Benign),"Short, broad hands
- Short metacarpals
- Short phalanges
- Cone-shaped epiphyses"
Bone (Benign),Skeletal (Benign)
Bone (Benign),"Spinal canal stenosis
- Scoliosis
- Narrow interpediculate distances
- Small vertebrae"
Bone (Benign),Spine (Benign)
Bone (Benign),Vertebral Defects
Bone Cancer,Ewings Sarcoma
Bone Cancer,Giant Cell Tumor
Bone Carcinoma,Bone Cancer
Bone Carcinoma,Bone Carcinoma
Bone Carcinoma,Bone Malignancy
Bone Carcinoma,Cancer of Bone
Bone Carcinoma,Carcinoma of Bone
Bone Carcinoma,Malignancy of Bone
Bone Neoplasm,Bone Neoplasm
Bone Neoplasm,osteochondromyxoma
Bone Neoplasm,Osteoma
Brain Tumor,acoustic neuroma
Brain Tumor,adult medulloblastoma
Brain Tumor,anaplastic astrocytoma
Brain Tumor,angiomatous meningioma
Brain Tumor,astroblastoma
Brain Tumor,astrocytic tumor
Brain Tumor,Astrocytoma
Brain Tumor,Astroglioma
Brain Tumor,benign meningioma
Brain Tumor,Brain cancer
Brain Tumor,Brain carcinoma
Brain Tumor,Brain Glioma
Brain Tumor,Brain Malignancy
Brain Tumor,Brain Neoplasm
Brain Tumor,Brain Tumor
Brain Tumor,brain tumor glioblastoma
Brain Tumor,brainstem cancer
Brain Tumor,Cancer of Brain
Brain Tumor,Cancer of Chorea
Brain Tumor,Cancer of Meninges
Brain Tumor,Cancer of Nervous tissue
Brain Tumor,Carcinoma of Brain
Brain Tumor,Carcinoma of Chorea
Brain Tumor,Carcinoma of Meninges
Brain Tumor,Carcinoma of Nervous tissue
Brain Tumor,Cerebellar Gangliocytoma
Brain Tumor,Cerebellar Hemangioblastoma
Brain Tumor,cerebral convexity meningioma
Brain Tumor,childhood cerebral astrocytoma
Brain Tumor,childhood medulloblastoma
Brain Tumor,childhood oligodendroglioma
Brain Tumor,Chorea Cancer
Brain Tumor,Chorea Carcinoma
Brain Tumor,Chorea Malignancy
Brain Tumor,Choroid Plexus Carcinoma
Brain Tumor,Choroid plexus papilloma
Brain Tumor,choroid plexus tumor
Brain Tumor,clear cell meningioma
Brain Tumor,CNS TUMOR
Brain Tumor,Ependymoma
Brain Tumor,fibrillary astrocytoma
Brain Tumor,fibrous meningioma
Brain Tumor,Gangliocytoma
Brain Tumor,gemistocytic astrocytoma
Brain Tumor,giant cell glioblastoma
Brain Tumor,Gioma
Brain Tumor,Glial tumor
Brain Tumor,Glioblastoma
Brain Tumor,Glioma
Brain Tumor,Hemangioblastoma
Brain Tumor,Hypothalamic tumor
Brain Tumor,intraorbital meningioma
Brain Tumor,intraventricular meningioma
Brain Tumor,juvenile pilocytic astrocytoma
Brain Tumor,Lhermitte-Duclos disease
Brain Tumor,Malignancy of Brain
Brain Tumor,Malignancy of Chorea
Brain Tumor,Malignancy of Meninges
Brain Tumor,Malignancy of Nervous tissue
Brain Tumor,medulloblastoma
Brain Tumor,medullomyoblastoma
Brain Tumor,melanotic medulloblastoma
Brain Tumor,Meninges Cancer
Brain Tumor,Meninges Carcinoma
Brain Tumor,Meninges Malignancy
Brain Tumor,Meningioma
Brain Tumor,mixed oligodendroglioma-astrocytoma
Brain Tumor,Nervous tissue Cancer
Brain Tumor,Nervous tissue Carcinoma
Brain Tumor,Nervous tissue Malignancy
Brain Tumor,Neurocytoma
Brain Tumor,oligoastrocytoma
Brain Tumor,oligoastroglioma
Brain Tumor,oligodendroglial tumor
Brain Tumor,oligodendroglioma
Brain Tumor,Optic Glioma
Brain Tumor,Optic pathway glioma
Brain Tumor,Optic Pathway Gliomas
Brain Tumor,Papilloma of choroid plexus
Brain Tumor,pilocytic astrocytoma
Brain Tumor,Pinealoma
Brain Tumor,pineoblastoma
Brain Tumor,protoplasmic astrocytoma
Brain Tumor,subependymal giant cell astrocytoma
Brain Tumor,Vestibular schwannoma
Brain Tumor,Well Differentiated Oligodendroglioma
Breast (Benign),Breast (Benign)
Breast (Benign),Breast Fibroadenoma
Breast (Benign),Breast Myxoma
Breast (Benign),Columnar Cell Hyperplasia of the Breast
Breast (Benign),DISORDERS OF BREAST
Breast (Benign),Fibrocystic breast disease
Breast (Benign),Gynecomastia
Breast (Benign),Lobular carcinoma in situ
Breast (Benign),phyllodes tumor benign
Breast Cancer,Breast cancer
Breast Cancer,Breast carcinoma
Breast Cancer,Breast Carcinoma In Situ
Breast Cancer,breast ductal adenocarcinoma
Breast Cancer,Breast Malignancy
Breast Cancer,breast tumor
Breast Cancer,breast tumor luminal
Breast Cancer,Cancer of Breast
Breast Cancer,Carcinoma in situ of breast
Breast Cancer,Carcinoma of Breast
Breast Cancer,Carcinoma of Male Breast
Breast Cancer,dcis
Breast Cancer,Ductal Breast Carcinoma
Breast Cancer,ductal cancer in situ
Breast Cancer,ductal carcinoma in situ
Breast Cancer,Intraductal Carcinoma
Breast Cancer,invasive ductal cancer
Breast Cancer,invasive ductal carcinoma
Breast Cancer,invasive lobular carcinoma
Breast Cancer,Lobular Carcinoma
Breast Cancer,Malignancy of Breast
Breast Cancer,malignant breast tumor
Breast Cancer,Malignant Neoplasm of Breast
Breast Cancer,Malignant neoplasm of female breast
Breast Cancer,Malignant phyllodes tumour
Breast Cancer,Mammary Ductal Carcinoma
Breast Cancer,Mammary Neoplasm
Breast Cancer,Medullary Carcinoma of Breast
Breast Cancer,Noninfiltrating Intraductal Carcinoma
Breast Cancer,phyllodes tumor malignant
Breast Cancer,triple negative breast cancer
Breast Cancer,Triple Negative Breast Neoplasms
Breast Cancer (Contralateral),Breast (second)
Breast Cancer (Contralateral),Contralateral Breast
Breast Cancer (Contralateral),contralateral breast cancer
Breast Cancer (Contralateral),second primary breast cancer
Breast Cancer (Male),male breast cancer
Breast Cancer (Male),Malignant neoplasm of male breast
Breast Neoplasm,Atypical ductal hyperplasia
Breast Neoplasm,Atypical lobular hyperplasia
Breast Neoplasm,Breast Disease
Breast Neoplasm,Breast Neoplasm
Breast Neoplasm,"Breast Neoplasms, Male"
Breast Neoplasm,Neoplasm of the breast
Buccal Cancer,Buccal Cancer
Buccal Cancer,Buccal Cavity Cancer
Buccal Cancer,Buccal Cavity Carcinoma
Buccal Cancer,Buccal Cavity Malignancy
Buccal Cancer,Cancer of Buccal Cavity
Buccal Cancer,Carcinoma of Buccal Cavity
Buccal Cancer,Malignancy of Buccal Cavity
Cancer,Cancer
Cardiovascular (Benign),Cardiac Fibromas 
Cardiovascular (Benign),Congenital Heart Defect
Cardiovascular (Benign),Congenital Heart Disease
Cardiovascular (Benign),Congenital septal defects
Cardiovascular (Benign),Pulmonary Arterial Hypertension
Cardiovascular (Benign),Pulmonary Stenosis
Cardiovascular (Benign),Tetralogy Of Fallot
Cardiovascular (Benign),Tricuspid Atresia
Cardiovascular (Benign),Ventricular Septal Defect
Cardiovascular (Benign),Wolff-Parkinson-White pattern
Cardiovascular Neoplasm,Cardiac Myxoma
Cardiovascular Neoplasm,Congenital myopathy
Cardiovascular Neoplasm,heart cancer
Cardiovascular Neoplasm,Intracardiac Myxoma
Central Nervous System (Benign),Central hypoventilation
Central Nervous System (Benign),Central Nervous System (Benign)
Central Nervous System (Benign),Cerebrovascular malformation
Central Nervous System (Benign),Congenital central hypoventilation
Central Nervous System (Benign),Cortical Dysplasia
Central Nervous System (Benign),Epilepsy
Central Nervous System (Benign),Epileptic encephalopathy
Central Nervous System (Benign),Focal cortical dysplasia type II
Central Nervous System (Benign),Holoprosencephaly
Central Nervous System (Benign),Neural tube defect
Central Nervous System (Benign),Parkinsons
Cervical Cancer,Cancer of Cervix
Cervical Cancer,Carcinoma of Cervix
Cervical Cancer,Cervical Adenoma Malignum
Cervical Cancer,Cervical Cancer
Cervical Cancer,Cervix Cancer
Cervical Cancer,Cervix Carcinoma
Cervical Cancer,Cervix Malignancy
Cervical Cancer,Malignancy of Cervix
Childhood Cancer,childhood cancer
CHRPE,CHRPE
CHRPE,Congenital hypertrophy of retinal pigment epithelium
CHRPE,Congenital retinal pigment epithelial hypertrophy
CLOVE syndrome,"Congenital lipomatous overgrowth, vascular malformations, and epidermal nevi"
CNS Tumor,Benign unknown central nervous system tumor
CNS Tumor,Cancer of Central Nervous System
CNS Tumor,Cancer of CNS
CNS Tumor,Carcinoma of Central Nervous System
CNS Tumor,Carcinoma of CNS
CNS Tumor,Central Nervous cancer
CNS Tumor,Central Nervous carcinoma
CNS Tumor,central nervous system cancer
CNS Tumor,Central Nervous System Carcinoma
CNS Tumor,Central Nervous System Malignancy
CNS Tumor,Central Nervous System Neoplasm
CNS Tumor,CNS Cancer
CNS Tumor,CNS carcinoma
CNS Tumor,CNS HEMANGIOBLASTOMA
CNS Tumor,CNS Malignancy
CNS Tumor,cns tumour
CNS Tumor,Craniopharyngioma
CNS Tumor,Malignancy of Central Nervous System
CNS Tumor,Malignancy of CNS
CNS Tumor,Neoplasm of the nervous system
CNS Tumor,Nervous System Cancer
CNS Tumor,nervous system neoplasm
CNS Tumor,Nervous System Tumor
CNS Tumor,Spinal cord ependymoma
CNS Tumor,spinal meningioma
CNS Tumor,Spinal tumor
Colorectal Cancer,Cancer of Colon
Colorectal Cancer,Cancer of Colorectal
Colorectal Cancer,Cancer of colorectum
Colorectal Cancer,Cancer of Large Intestine
Colorectal Cancer,Cancer of Rectum
Colorectal Cancer,Cancer of Sigmoid
Colorectal Cancer,Carcinoma of colon
Colorectal Cancer,Carcinoma of Colorectal
Colorectal Cancer,Carcinoma of colorectum
Colorectal Cancer,Carcinoma of Large Intestine
Colorectal Cancer,Carcinoma of Rectum
Colorectal Cancer,Carcinoma of Sigmoid
Colorectal Cancer,Colon cancer
Colorectal Cancer,Colon carcinoma
Colorectal Cancer,colon Malignancy
Colorectal Cancer,colorectal adenocarcinoma
Colorectal Cancer,Colorectal cancer
Colorectal Cancer,Colorectal carcinoma
Colorectal Cancer,Colorectal Malignancy
Colorectal Cancer,Colorectal Rectal Cancer
Colorectal Cancer,colorectum Cancer
Colorectal Cancer,colorectum Carcinoma
Colorectal Cancer,colorectum Malignancy
Colorectal Cancer,CRC
Colorectal Cancer,HNPCC related cancer
Colorectal Cancer,Large Intestinal cancer
Colorectal Cancer,Large Intestine Cancer
Colorectal Cancer,Large Intestine carcinoma
Colorectal Cancer,Large Intestine Malignancy
Colorectal Cancer,Malignancy of colon
Colorectal Cancer,Malignancy of Colorectal
Colorectal Cancer,Malignancy of colorectum
Colorectal Cancer,Malignancy of Large Intestine
Colorectal Cancer,Malignancy of Rectum
Colorectal Cancer,Malignancy of Sigmoid
Colorectal Cancer,malignant colon neoplasm
Colorectal Cancer,Malignant neoplasm of colon
Colorectal Cancer,Malignant Tumor of Colon
Colorectal Cancer,Peutz-Jeghers syndrome
Colorectal Cancer,rectal adenocarcinoma
Colorectal Cancer,Rectal cancer
Colorectal Cancer,Rectal carcinoma
Colorectal Cancer,rectum adenocarcinoma
Colorectal Cancer,Rectum cancer
Colorectal Cancer,Rectum carcinoma
Colorectal Cancer,Rectum Malignancy
Colorectal Cancer,Sigmoid Cancer
Colorectal Cancer,Sigmoid Carcinoma
Colorectal Cancer,Sigmoid Malignancy
Colorectal Cancer,squamous cell carcinoma of colon
Colorectal Neoplasm,Adenoma of Large Intestine
Colorectal Neoplasm,Adenomatous colon polyp
Colorectal Neoplasm,adenomatous polyp
Colorectal Neoplasm,Adenomatous polyposis
Colorectal Neoplasm,benign colon neoplasm
Colorectal Neoplasm,Colon Polyp
Colorectal Neoplasm,Colon polyp type unknown
Colorectal Neoplasm,Colonic Adenoma
Colorectal Neoplasm,colonic benign neoplasm
Colorectal Neoplasm,colonic neoplasm
Colorectal Neoplasm,Colonic Polyp
Colorectal Neoplasm,colorectal adenoma
Colorectal Neoplasm,colorectal neoplasia
Colorectal Neoplasm,Colorectal Neoplasm
Colorectal Neoplasm,Colorectal Polyp
Colorectal Neoplasm,colorectal tumor
Colorectal Neoplasm,Hamartomatous colon polyp
Colorectal Neoplasm,Hyperplastic colon polyp
Colorectal Neoplasm,Inflammatory colon polyp
Colorectal Neoplasm,Juvenile colon polyp
Colorectal Neoplasm,Juvenile Polyposis
Colorectal Neoplasm,Large intestine tumor
Colorectal Neoplasm,Neoplasm of the colon
Colorectal Neoplasm,polyp of colon
Colorectal Neoplasm,Polyp of Large Intestine
Colorectal Neoplasm,polyp of rectum
Colorectal Neoplasm,rectal neoplasm
Colorectal Neoplasm,Rectal Polyp
Colorectal Neoplasm,Serrated adenoma
Colorectal Neoplasm,Sessile serated colon polyp
Colorectal Neoplasm,Villous colon adenoma
Developmental,Developmental
Developmental,Fetal gigantism
Developmental,Gigantism
Developmental,Global Development delay
Developmental,"Global developmental delay
- Difficulty walking in childhood
- Choreoathetosis
- Hypotonia
- Ataxia
- Dysarthria
- Dystonia
- Symptoms of hypothalamic disturbances"
Developmental,"GLOBAL DEVELOPMENTAL DELAY, LUNG CYSTS, OVERGROWTH, AND WILMS TUMOR"
Developmental,Intellectual disability
Developmental,Intrauterine Growth Restriction
Developmental,Intrauterine growth retardation
Developmental,Learning Dysability
Developmental,Mental retardation
Developmental,Premature chromatid separation trait
Developmental,Short Stature
Developmental,small stature
Diaphragmatic Hernia,Diaphragmatic hernia
Duodenal Neoplasm,Duodenal adenoma
Duodenal Neoplasm,Duodenal hamartoma
Duodenum Cancer,Cancer of Duodenum
Duodenum Cancer,carcinoma of duodenum
Duodenum Cancer,Duodenal adenocarcinoma
Duodenum Cancer,Duodenal Cancer
Duodenum Cancer,Duodenal carcinoma
Duodenum Cancer,duodenum cancer
Duodenum Cancer,Duodenum Carcinoma
Duodenum Cancer,Duodenum Malignancy
Duodenum Cancer,Malignancy of Duodenum
Duodenum Cancer,Malignant neoplasm of duodenum
Duodenum Neoplasm,benign duodenal neoplasm
Duodenum Neoplasm,Duodenal Neoplasm
Duodenum Neoplasm,Duodenal Polyp
Duodenum Neoplasm,Duodenum Neoplasm
Dyskeratosis Congenita,Dyskeratosis congenita
Dyskeratosis Congenita,Dyskeratosis congenitama
Dysmorphic Facises,Polysyndactyly
Dysmorphic Facises,Prognathism
Dysmorphic Feature,Abnormal Facies
Dysmorphic Feature,"Abnormal Facies, Birdlike' facies, Short nose 
- Depressed nasal bridge 
- Hypoplastic mandible (uncommon)
- Hypoplastic maxilla (uncommon)
- Broad forehead 
- Square outline
- Frontal bossing 
- 'Dished out' midface
- Long philtrum"
Dysmorphic Feature,"Abnormal Facies, Hypoplastic maxilla 
- Prognathism Low nasal bridge 
- Broad, upturned nose
- Dimpled nasal tip"
Dysmorphic Feature,"Abnormal Facies, Webbed neck , Midface hypoplasia 
- Prominent nasolabial folds
- Low-set ears
- Posteriorly rotated ears"
Dysmorphic Feature,Acrodysostosis
Dysmorphic Feature,"Birdlike' facies, Short nose 
- Depressed nasal bridge 
- Hypoplastic mandible (uncommon)
- Hypoplastic maxilla (uncommon)
- Broad forehead 
- Square outline
- Frontal bossing"
Dysmorphic Feature,Dysmorphic Feature
Dysmorphic Feature,Facial Deformities
Dysmorphic Feature,Facial Dysmorphism
Dysmorphic Feature,"Flat face , High forehead , Asymmetric face (in some patients), High anterior hairline"
Dysmorphic Feature,Macrocephaly
Dysmorphic Feature,Marfanoid Body Habitus
Dysmorphic Feature,Microcephaly
Dysmorphic Feature,Microphthalmia
Dysplastic,Dysplastic
Dystonia,Dystonia
Ear (Benign),Deafness
Ear (Benign),Ear (Benign)
Ear (Benign),Hearing Loss
Ear (Benign),Nonsyndromic genetic deafness
Endocrine Abnormalities,Cystic fibrosis
Endocrine Abnormalities,Diabetes Mellitus
Endocrine Abnormalities,Endocrine Abnormalities
Endocrine Abnormalities,Familial Hypocalciuric Hypercalcemia
Endocrine Abnormalities,Gonadotrophin-Independent Precocious Puberty
Endocrine Abnormalities,Hyperparathyroid
Endocrine Abnormalities,hyperparathyroidism
Endocrine Abnormalities,Hypocalcemia 
Endocrine Abnormalities,Hypocalciuric hypercalcemia
Endocrine Abnormalities,hypoparathyroidism
Endocrine Abnormalities,Neonatal severe Hyperparathyroid
Endocrine Abnormalities,Neonatal severe hyperparathyroidism
Endocrine Abnormalities,"Type A insulin resistance, Diabetes Mellitus"
Endometrial Cancer,adenoid cystic carcinoma of the corpus uteri
Endometrial Cancer,Cancer of endometrial
Endometrial Cancer,Cancer of Endometrium
Endometrial Cancer,Cancer of uterine
Endometrial Cancer,Cancer of Uterus
Endometrial Cancer,Carcinoma of endometrial
Endometrial Cancer,Carcinoma of Endometrium
Endometrial Cancer,Carcinoma of the corpus uteri
Endometrial Cancer,Carcinoma of uterine
Endometrial Cancer,Carcinoma of Uterus
Endometrial Cancer,Endometrial cancer
Endometrial Cancer,Endometrial carcinoma
Endometrial Cancer,endometrial Malignancy
Endometrial Cancer,endometrioid carcinoma
Endometrial Cancer,Endometrium Cancer
Endometrial Cancer,Endometrium Carcinoma
Endometrial Cancer,Endometrium Malignancy
Endometrial Cancer,Malignancy of endometrial
Endometrial Cancer,Malignancy of Endometrium
Endometrial Cancer,Malignancy of uterine
Endometrial Cancer,Malignancy of Uterus
Endometrial Cancer,Malignant Endometrial Neoplasm
Endometrial Cancer,malignant germ cell tumor of corpus uteri
Endometrial Cancer,Malignant neoplasm of endometrium
Endometrial Cancer,Malignant neoplasm of uterus
Endometrial Cancer,papillary carcinoma of the corpus uteri
Endometrial Cancer,squamous cell carcinoma of the corpus uteri
Endometrial Cancer,transitional cell carcinoma of the corpus uteri
Endometrial Cancer,uterine cancer
Endometrial Cancer,Uterine Carcinoma
Endometrial Cancer,uterine Malignancy
Endometrial Cancer,Uterus Cancer
Endometrial Cancer,Uterus Carcinoma
Endometrial Cancer,Uterus Malignancy
Endometrial Neoplasm,Endometrial Intraepithelial Neoplasia
Endometrial Neoplasm,endometrial neoplasm
Endometrial Neoplasm,uterine neoplasm
Endometrial Neoplasm,Uterus tumor
Esophageal Cancer,Cancer of Esophagus
Esophageal Cancer,Cancer of Oesophageal
Esophageal Cancer,Carcinoma of Esophagus
Esophageal Cancer,ESOPHAGEAL  Cancer
Esophageal Cancer,ESOPHAGEAL  Carcinoma
Esophageal Cancer,ESOPHAGEAL  Malignancy
Esophageal Cancer,esophageal adenocarcinoma
Esophageal Cancer,esophageal cancer
Esophageal Cancer,esophageal squamous cell carcinoma
Esophageal Cancer,Esophagus Cancer
Esophageal Cancer,Esophagus Carcinoma
Esophageal Cancer,Esophagus Malignancy
Esophageal Cancer,esophagus squamous cell carcinoma
Esophageal Cancer,Malignancy of Esophagus
Esophageal Cancer,oesophageal adenocancer
Esophageal Cancer,oesophageal adenocarcinoma
Esophageal Cancer,Oesophageal Cancer
Esophageal Cancer,Oesophageal Carcinoma
Esophageal Cancer,Oesophageal Malignancy
Esophageal Cancer,Squamous Cell Carcinoma of Esophagus
Esophageal Cancer,Squamous cell carcinoma of the esophagus
Extracolonic Cancer,Extracolonic Cancer
Extracolonic Cancer,extra-colonic cancer
Extracolonic Cancer,extra-colonic malignancies
Extracolonic Cancer,extra-colonic malignancy
Extracolonic Cancer,extracolonic-cancer
Extracolonic Cancer,extra-colorectal cancer
Extracolonic Cancer,extra-colorectal malignancies
Extracolonic Cancer,extra-colorectal malignancy
Extracolonic Cancer,extraintestinal cancer
Extracolonic Cancer,Extrocolonic cancer
Extracolonic Cancer,Extrocolonic cancers
Extrapancreatic Neoplasms,extrapancreatic neoplasm
Eye (Benign),Anirida
Eye (Benign),Butterfly-shaped Pigmentary Macular Dystrophy
Eye (Benign),Coloboma
Eye (Benign),"Coloboma, osteopetrosis, microphthalmia, macrocephaly, albinism, and deafness"
Eye (Benign),Ectopic Lenses
Eye (Benign),Epicanthal folds
Eye (Benign),"Epicanthal folds
- Hypertelorism 
- Optic atrophy
- Strabismus
- Blue eyes (Japanese patients)
- Conjunctival and scleral pigmentation"
Eye (Benign),Eye (Benign)
Eye (Benign),Eye defects
Eye (Benign),Eye deformity
Eye (Benign),Glaucoma
Eye (Benign),Hypertelorism
Eye (Benign),Iris Hamartoma
Eye (Benign),Lisch nodule (Iris Hamartoma)
Eye (Benign),Macular Dystrophy
Eye (Benign),Medullated corneal nerve fibers
Eye (Benign),Ocular Anomalys
Eye (Benign),Ocular Anomalys (Cataract)
Eye (Benign),pigmented ocular fundus lesions
Eye (Benign),Primary Open-Angle Glaucoma
Eye (Benign),Retinal Hamartoma
Eye (Benign),Retinal nodular Hamartoma 
Eye Cancer,Cancer of Eye
Eye Cancer,Carcinoma of Eye
Eye Cancer,Eye and eye adnexa
Eye Cancer,Eye Cancer
Eye Cancer,Eye Carcinoma
Eye Cancer,Eye Malignancy
Eye Cancer,Malignancy of Eye
Eye Neoplasm,ciliary body medulloepithelioma (CBME)
Eye Neoplasm,Eye Neoplasm
Eye Neoplasm,Eye Tumor
Eye Neoplasm,Eyelid myxoma
Eye Neoplasm,RETINAL HEMANGIOBLASTOMA
Facial Palsy,Facial Palsy
Female Cancer,female cancer
Female Cancer,female cancers
Fibrohistiocytoma,Fibrohistiocytoma
Fumarase Deficiency,Fumarase deficiency
Gastric Cancer,Adenocarcinoma of the stomach
Gastric Cancer,Cancer of Stomach
Gastric Cancer,Carcinoma of Stomach
Gastric Cancer,Diffuse stomach cancer (signet ring cell)
Gastric Cancer,Gastric cancer
Gastric Cancer,Gastric carcinoma
Gastric Cancer,gastric linitis plastica
Gastric Cancer,Gastric Malignancy
Gastric Cancer,Malignancy of Stomach
Gastric Cancer,Malignant neoplasm of stomach
Gastric Cancer,Stomach cancer
Gastric Cancer,Stomach carcinoma
Gastric Cancer,Stomach Malignancy
Gastric Neoplasm,Fundic Gland Polyp
Gastric Neoplasm,Gastric leiomyoma
Gastric Neoplasm,gastric neoplasm
Gastric Neoplasm,Gastric polyp
Gastric Neoplasm,Gastric polyp adenomatous
Gastric Neoplasm,Gastric polyp hamartoma
Gastric Neoplasm,Gastric polyp hyperplastic
Gastric Neoplasm,Gastric polyp juvenile
Gastric Neoplasm,Gastric polyp unknown
Gastric Neoplasm,Gastric Polyposis
Gastric Neoplasm,Multiple gastric polyps
Gastric Neoplasm,Neoplasm of stomach
Gastric Neoplasm,Polyposis Of Gastric Fundus Without Polyposis Coli
Gastric Neoplasm,"Polyps, fundic gland"
Gastric Neoplasm,stomach neoplasm
Gastric Neoplasm,stomach polyp
Gastrointestinal (Benign),Barrett Esophagus
Gastrointestinal (Benign),"Diarrhea 5, with tufting enteropathy, congenital"
Gastrointestinal (Benign),Gastrointestinal (Benign)
Gastrointestinal (Benign),Hirschsprung Disease
Gastrointestinal (Benign),Inflammatory Bowel Disease
Gastrointestinal (Benign),Inflammatory skin and bowel disease
Gastrointestinal (Benign),"Inflammatory skin and bowel disease, neonatal, 2"
Gastrointestinal (Benign),Meckel’s diverticulum
Gastrointestinal (Benign),Megacolon
Gastrointestinal (Benign),Tracheoesophageal fistula
Gastrointestinal Cancer,Cancer of Digestive organs
Gastrointestinal Cancer,Cancer of Gastrointestinal
Gastrointestinal Cancer,Carcinoma of Digestive organs
Gastrointestinal Cancer,Carcinoma of Gastrointestinal
Gastrointestinal Cancer,Digestive organs Cancer
Gastrointestinal Cancer,Digestive organs Carcinoma
Gastrointestinal Cancer,Digestive organs Malignancy
Gastrointestinal Cancer,digestive system cancer
Gastrointestinal Cancer,Gastrointestinal Cancer
Gastrointestinal Cancer,Gastrointestinal Carcinoma
Gastrointestinal Cancer,gastrointestinal malignancy
Gastrointestinal Cancer,gastrointestinal system cancer
Gastrointestinal Cancer,gastrointestinal system disease
Gastrointestinal Cancer,Gatrointestinal cancer unspecified
Gastrointestinal Cancer,GI Cancer
Gastrointestinal Cancer,GI Carcinoma
Gastrointestinal Cancer,GI Malignancy
Gastrointestinal Cancer,intestinal cancer
Gastrointestinal Cancer,Intestinal tumor
Gastrointestinal Cancer,Malignancy of Digestive organs
Gastrointestinal Cancer,Malignancy of Gastrointestinal
Gastrointestinal Cancer,Malignant Gastrointestinal Neoplasm
Gastrointestinal Cancer,Malignant gastrointestinal tract tumors
Gastrointestinal Cancer,Malignant gi tract tumors
Gastrointestinal Cancer,Malignant neoplasm of gastrointestinal tract
Gastrointestinal Cancer,Other digestive organs
Genitourinary (Benign),Genital Anomalies
Genitourinary (Benign),Genitourinary (Benign)
Genitourinary (Benign),Genitourinary anomalies
Genitourinary (Benign),Polycystic ovary disease
Genitourinary (Benign),"Vaginal cysts
- Vulvar cysts
- Ovarian cysts
- Leiomyomas"
Genitourinary Cancer,Cancer of Urogenital system
Genitourinary Cancer,Carcinoma of Urogenital system
Genitourinary Cancer,Female genital cancer unspecified
Genitourinary Cancer,Germ cell tumor unspecified
Genitourinary Cancer,Malignancy of Urogenital system
Genitourinary Cancer,Malignant mixed MŸllerian tumor 
Genitourinary Cancer,Mullerian tumor
Genitourinary Cancer,Urogenital system Cancer
Genitourinary Cancer,Urogenital system Carcinoma
Genitourinary Cancer,Urogenital system Malignancy
Genitourinary Cancer,Vaginal cancer
Genitourinary Cancer,Vulvar cancer
GI Hamartoma,GI hamartoma
GI Neoplasm,Barrett's Esophagus
GI Neoplasm,digestive system neoplasm
GI Neoplasm,Gastrointestinal hamartomatous polyps
GI Neoplasm,Gastrointestinal Neoplasm
GI Neoplasm,Gastrointestinal Neoplasms
GI Neoplasm,Gastrointestinal polyp
GI Neoplasm,GI Neoplasm
GI Neoplasm,Hamartoma
GI Neoplasm,Hamartomatous Polyp
GI Neoplasm,Hamartomatous polyposis
GI Neoplasm,intestinal benign neoplasm
GI Neoplasm,intestinal neoplasm
GIST,Gastrointestinal stroma tumor
GIST,Gastrointestinal stromal tumor
GIST,GIST
"Glycogen Storage Disease Of Heart, Lethal Congenital","Glycogen storage disease of heart, lethal congenital"
Gynecologic Cancer,Cancer of Gynecologic
Gynecologic Cancer,Carcinoma of Gynecologic
Gynecologic Cancer,female reproductive organ cancer
Gynecologic Cancer,gynecologic cancer
Gynecologic Cancer,Gynecologic Carcinoma
Gynecologic Cancer,Gynecologic Malignancy
Gynecologic Cancer,Malignancy of Gynecologic
Gynecologic Cancer,Malignant Female Reproductive System Neoplasm
Hair (Benign),Alopecia areata
Hair (Benign),Alopecia Mucinosa
Hair (Benign),"Distichiasis
- Sparse hair"
Hair (Benign),Hair (Benign)
Hand (Benign),Hand (Benign)
Head and Neck (Benign),Head and Neck (Benign)
Head And Neck Cancer,Head and Neck Cancer
Head And Neck Cancer,Head and Neck Carcinoma
Head and Neck Cancer,Sinus cavity
Head And Neck Cancer,Squamous cell carcinoma of the head and neck
Head And Neck Cancer,tongue squamous cell carcinoma
Hematologic Cancer,Cancer of Hematologic
Hematologic Cancer,Carcinoma of Hematologic
Hematologic Cancer,hematologic cancer
Hematologic Cancer,Hematologic Carcinoma
Hematologic Cancer,Hematologic Malignancies
Hematologic Cancer,Hematologic Malignancy
Hematologic Cancer,Hematolymphoid Neoplasm
Hematologic Cancer,Malignancy of Hematologic
Hematologic Cancer,Myeloid Malignancies
Hematologic Neoplasm,Hematologic Neoplasm
Hematologic Neoplasm,Hematological neoplasm
Hematologic Neoplasm,hematopoietic and lymphoid system neoplasm
Hematologic Neoplasm,Hematopoietic Neoplasm
Hepatobiliary Cancer,Bile duct Cancer
Hepatobiliary Cancer,Bile duct Carcinoma
Hepatobiliary Cancer,Bile duct Malignancy
Hepatobiliary Cancer,Biliary cancer
Hepatobiliary Cancer,Biliary carcinoma
Hepatobiliary Cancer,biliary tract cancer
Hepatobiliary Cancer,biliary tract Carcinoma
Hepatobiliary Cancer,biliary tract Malignancy
Hepatobiliary Cancer,Cancer of Bile duct
Hepatobiliary Cancer,Cancer of biliary tract
Hepatobiliary Cancer,Cancer of Gall bladder
Hepatobiliary Cancer,Cancer of Gallbladder
Hepatobiliary Cancer,Cancer of Hepatobiliary
Hepatobiliary Cancer,Cancer of Hepatocellular
Hepatobiliary Cancer,Cancer of Liver
Hepatobiliary Cancer,Carcinoma of Bile duct
Hepatobiliary Cancer,Carcinoma of biliary tract
Hepatobiliary Cancer,Carcinoma of Gall bladder
Hepatobiliary Cancer,Carcinoma of Gallbladder
Hepatobiliary Cancer,Carcinoma of Hepatobiliary
Hepatobiliary Cancer,Carcinoma of Hepatocellular
Hepatobiliary Cancer,Carcinoma of Liver
Hepatobiliary Cancer,carcinoma of liver and intrahepatic biliary tract
Hepatobiliary Cancer,Cholangiocarcinoma
Hepatobiliary Cancer,Gall bladder Cancer
Hepatobiliary Cancer,Gall bladder Carcinoma
Hepatobiliary Cancer,Gall bladder Malignancy
Hepatobiliary Cancer,Gallbladder cancer
Hepatobiliary Cancer,Gallbladder carcinoma
Hepatobiliary Cancer,Gallbladder Malignancy
Hepatobiliary Cancer,Hepatic Cancer
Hepatobiliary Cancer,Hepatobiliary cancer
Hepatobiliary Cancer,Hepatobiliary carcinoma
Hepatobiliary Cancer,Hepatobiliary Malignancy
Hepatobiliary Cancer,Hepatoblastoma
Hepatobiliary Cancer,hepatocellular adenoma
Hepatobiliary Cancer,Hepatocellular Cancer
Hepatobiliary Cancer,Hepatocellular carcinoma
Hepatobiliary Cancer,Hepatocellular Malignancy
Hepatobiliary Cancer,Hepatoma
Hepatobiliary Cancer,Liver and Intrahepatic Biliary Tract Carcinoma
Hepatobiliary Cancer,Liver cancer
Hepatobiliary Cancer,Liver carcinoma
Hepatobiliary Cancer,Liver Malignancy
Hepatobiliary Cancer,liver neoplasm
Hepatobiliary Cancer,malignancies of biliary tract
Hepatobiliary Cancer,Malignancy of Bile duct
Hepatobiliary Cancer,Malignancy of biliary tract
Hepatobiliary Cancer,Malignancy of Gall bladder
Hepatobiliary Cancer,Malignancy of Gallbladder
Hepatobiliary Cancer,Malignancy of Hepatobiliary
Hepatobiliary Cancer,Malignancy of Hepatocellular
Hepatobiliary Cancer,Malignancy of Liver
Hepatobiliary Cancer,Malignant neoplasm of liver
Hepatobiliary Cancer,Neoplasm of the liver
Hepatobiliary Cancer,"Neoplasms, Liver"
Hidradenoma,hidradenoma
Hypereosinophilic Syndrome,Hypereosinophilic syndrome
Hypotonia ,Hypotonia 
"Idiopathic Fibrosing Alveolitis, Chronic Form","Idiopathic fibrosing alveolitis, chronic form"
Immunodeficiency,Immunodeficiency
Inflammatory Myofibroblastic Tumor,Inflammatory myofibroblastic tumor
Juvenile Polyps,Juvenile polyp
Kidney (Benign),Congenital nephrotic syndrome
Kidney (Benign),cystic nephroma
Kidney (Benign),Diffuse mesangial sclerosis
Kidney (Benign),Hydronephrosis
Kidney (Benign),Kidney (Benign)
Kidney (Benign),Kidney stone
Kidney (Benign),Nephroblastomatosis
Kidney (Benign),Nephrotic Syndrome
Kidney (Benign),Non-Cancerous Kidney Cysts
Kidney (Benign),Renal malformations (Renal Agenesis)
Kidney Cancer,Cancer of Kidney
Kidney Cancer,Cancer of Renal
Kidney Cancer,Carcinoma of Kidney
Kidney Cancer,Carcinoma of Renal
Kidney Cancer,clear cell
Kidney Cancer,Clear Cell Carcinoma
Kidney Cancer,clear cell renal carcinoma
Kidney Cancer,Clear cell renal cell carcinoma
Kidney Cancer,Clear cell sarcoma
Kidney Cancer,Conventional (Clear Cell) Renal Cell Carcinoma
Kidney Cancer,Kidney cancer
Kidney Cancer,Kidney carcinoma
Kidney Cancer,Kidney Malignancy
Kidney Cancer,Malignancy of Kidney
Kidney Cancer,Malignancy of Renal
Kidney Cancer,Malignant Neoplasm of Kidney
Kidney Cancer,Nephroblastoma
Kidney Cancer,nonpapillary renal cell carcinoma
Kidney Cancer,papillary renal cell carcinoma
Kidney Cancer,rcc
Kidney Cancer,Renal - Transitional
Kidney Cancer,Renal Cancer
Kidney Cancer,Renal Carcinoma
Kidney Cancer,renal cell adenocarcinoma
Kidney Cancer,renal cell cancer
Kidney Cancer,renal cell carcinoma
Kidney Cancer,renal clear cell carcinoma
Kidney Cancer,Renal Malignancy
Kidney Cancer,Renal Sarcoma
Kidney Cancer,sarcomatoid renal cell carcinoma
Kidney Cancer,Wilms Tumor
Kidney Cancer,Wilm's tumor
Kidney Cancer,Wilms' Tumor
Kidney Cancer,Wilms' tumour
Kidney Neoplasia,Renal adysplasia
Kidney Neoplasm,kidney neoplasm
Kidney Neoplasm,Renal Angioma
Kidney Neoplasm,Renal Angiomyolipoma
Kidney Neoplasm,Renal neoplasm
Laryngotracheal Stenosis,Laryngotracheal Stenosis
Larynx Cancer,Laryngeal cancer
Larynx Cancer,larynx cancer
Leiomyoma,Multiple cutaneous leiomyomas
Leukemia,acute biphenotypic leukemia
Leukemia,Acute Leukemia
Leukemia,acute lymphoblastic leukemia
Leukemia,Acute lymphocytic leukemia
Leukemia,Acute lymphoid leukemia
Leukemia,Acute myelogenous leukemia
Leukemia,Acute myeloid leukaemia
Leukemia,Acute myeloid leukemia
Leukemia,acute T cell leukemia
Leukemia,acute undifferentiated leukemia
Leukemia,ALL
Leukemia,AML
Leukemia,B- and T-cell mixed leukemia
Leukemia,bilineal acute myeloid leukemia
Leukemia,Chronic Eosinophilic Leukemia
Leukemia,Chronic lymphocytic leukemia
Leukemia,Chronic myelogenous leukemia 
Leukemia,Chronic myeloid leukaemia
Leukemia,CLL
Leukemia,CMML
Leukemia,Eosinophilic leukemia
Leukemia,Juvenile myelomonocytic leukemia
Leukemia,Leukaemia
Leukemia,leukemia
Leukemia,Lymphoid leukaemia
Leukemia,T cell prolymphocytic leukemia
Leukodystrophy,Leukodystrophy
Lipodystrophy,Lipodystrophy
Lipoma,Lipoma
Lipoma,Subcutaneous Lipomatosis
Liver (Benign),"
Non-Alcoholic Fatty Liver Disease"
Liver (Benign),Hepatomegaly
Liver (Benign),Liver (Benign)
Liver (Benign),Mesenchymal Hamartoma Of The Liver
Lung (Benign),Bronchial Polyp
Lung (Benign),Lung (Benign)
Lung (Benign),Lung Cyst
Lung (Benign),neonatal respiratory distress
Lung (Benign),Non-Cancerous Lung Cysts
Lung (Benign),Pleural Cyst
Lung (Benign),pleuropulmonary blastoma
Lung (Benign),"Pneumothorax, primary spontaneous"
Lung (Benign),Primary Spontaneous Pneumothorax
Lung (Benign),Spontaneous Pneumothorax
Lung Cancer,bronchus cancer
Lung Cancer,bronchus carcinoma
Lung Cancer,Cancer of Lung
Lung Cancer,Carcinoma of Lung
Lung Cancer,lung adenocarcinoma
Lung Cancer,Lung cancer
Lung Cancer,Lung carcinoma
Lung Cancer,Lung Malignancy
Lung Cancer,Malignancy of Lung
Lung Cancer,Malignant lung tumors
Lung Cancer,Malignant Neoplasm of Lung
Lung Cancer,Non-Small Cell Lung Adenocarcinoma
Lung Cancer,Non-small cell lung cancer
Lung Cancer,non-small cell lung carcinoma
Lung Cancer,NSCLC
Lung Cancer,small cell lung cancer
Lung Neoplasm,lung benign neoplasm
Lung Neoplasm,lung neoplasm
Lung Neoplasm,Neoplasm of the lung
Lung Neoplasm,Pulmonary chondroma
Lung Neoplasm,Pulmonary Nodule
Lymphadenopathy,Generalized lymphadenopathy
Lymphadenopathy,Lymphadenopathy
Lymphangiomyomatosis,Lymphangioleiomyomatosis
Lymphangiomyomatosis,Lymphangiomyomatosis
Lymphedema,Lymphedema
Lymphoma,Anaplastic large cell lymphoma
Lymphoma,Burkitt's lymphoma
Lymphoma,central nervous system lymphoma
Lymphoma,Hodgkin
Lymphoma,HODGKIN DISEASE
Lymphoma,Hodgkin lymphoma
Lymphoma,Hodgkin's disease
Lymphoma,Lymphatic and hematopoetic Cancer
Lymphoma,Lymphoma
Lymphoma,lymphosarcoma
Lymphoma,MALT Lymphoma
Lymphoma,Mantle Cell
Lymphoma,NHL
Lymphoma,Non-Hodgkin Lymphoma
Lymphoma,non-Hodgkin’s lymphoma
Lymphoma,non-Hodgkins lymphomas
Lymphomesentric Cyst,Lymphomesentric Cyst
Malignant Childhood Neoplasm,Malignant Childhood Neoplasm
Mandibular Hypoplasia,Mandibular hypoplasia
Mandibuloacral Dysostosis,Mandibuloacral dysostosis
Mastocytosis,Mastocytosis
MDPL syndrome,"Lipodystrophy, Deafness, Mandibular Hypoplasia"
MDPL syndrome,MDPL syndrome
Melanoma,Cutaneous malignant melanoma
Melanoma,Intraocular melanoma
Melanoma,Malignant melanoma
Melanoma,Melanoma
Melanoma,Ocular Melanoma
Melanoma,skin melanoma
Melanoma (Uveal),"MELANOMA, UVEAL"
Melanoma (Uveal),Uveal melanoma
Mesothelioma,Cancer of Mesothelium
Mesothelioma,Carcinoma of Mesothelium
Mesothelioma,Malignancy of Mesothelium
Mesothelioma,Malignant Pleural Mesothelioma
Mesothelioma,Mesothelioma
Mesothelioma,Mesothelium Cancer
Mesothelioma,Mesothelium Carcinoma
Mesothelioma,Mesothelium Malignancy
Mesothelioma,Pleura
Metaphyseal Dysplasia,Metaphyseal dysplasia
Mirror Movements,Mirror movements 2
Mitochondrial Complex II Deficiency,Mitochondrial complex II deficiency
Multiple Congenital Exostosis,Multiple congenital exostosis
Multiple Fibrofolliculomas,Multiple fibrofolliculomas
Myelodysplasia,Myelodysplasia
"Myofibrillar Myopathy, ZASP-Related","Myofibrillar myopathy, ZASP-related"
Myopathy,Myopathy
Myopathy,Nemaline Myopathy 
Nails (Benign),Nails (Benign)
Nasopharyngeal Cancer,Nasopharyngeal Cancer
Nasopharyngeal Cancer,Nasopharyngeal carcinoma
Nasopharyngeal Neoplasm,Angiofibroma
Nasopharyngeal Neoplasm,Nasal chondromesenchymal hamartoma
Nasopharyngeal Neoplasm,Nasal Neoplasm
Nasopharyngeal Neoplasm,Nasopharyngeal Neoplasm
Neoroendocrine,Neural crest tumor
Neuroendocrine,Bronchial/Thymic Carcinoid
Neuroendocrine,Carcinoid
Neuroendocrine,"Carcinoma, Neuroendocrine"
Neuroendocrine,Gastrinoma
Neuroendocrine,gastrin-producing neuroendocrine tumor
Neuroendocrine,insulinoma
Neuroendocrine,Intestinal Ganglioneuroma
Neuroendocrine,Neuroendocrine Carcinoma
Neuroendocrine,Neuroendocrine tumor
Neuroendocrine,Other endocrine glands
Neuroendocrine (Bladder),urinary bladder small cell neuroendocrine carcinoma
Neuroendocrine (Colorectal),"neuroendocrine tumor of the appendix, well differentiated, low or intermediate grade"
Neuroendocrine (Duodenal),Duodenal Carcinoid
Neuroendocrine (Gastric),Gastric Carcinoid
Neuroendocrine (Intestine),Carcinoid tumor of intestine
Neuroendocrine (Lung),Lung Carcinoid
Neuroendocrine (Pancreas),Beta Cell Tumor
Neuroendocrine (Pancreas),islet cell tumor
Neuroendocrine (Pancreas),Pancreatic and Duodenal Neuroendocrine Tumors
Neuroendocrine (Pancreas),pancreatic gastrin-producing neuroendocrine tumor
Neuroendocrine (Pancreas),pancreatic insulinoma
Neuroendocrine (Pancreas),pancreatic insulin-producing neuroendocrine tumor
Neuroendocrine (Pancreas),Pancreatic neuroendocrine tumor
Neuroendocrine (Pancreas),PNET
Neuroendocrine (Pitutitary),Anterior Pituitary Neuroendocrine Tumors
Neuroendocrine (Thymus),Thymus Carcinoid
Neuroendocrine (Uterine),high-grade neuroendocrine carcinoma of the corpus uteri
Neuroendocrine (Uterus),low-grade neuroendocrine tumor of the corpus uteri
Neurofibroma,"Neoplasms, Neuroepithelial"
Neurofibroma,neuroepithelial neoplasm
Neurofibroma,neurofibroma
Nose (Benign),Choanal atresia
Nose (Benign),Nasal Polyp
Oral (Benign),Oral leukoplakia
Oral (Benign),Oral mucosal papillomatosis
Oral Cancer,Oral Cancer
Orolaryngeal Carcinoma,Orolaryngeal Carcinoma
Oropharynx (Benign),Bifid epiglottis
Oropharynx (Benign),cleft lip
Oropharynx (Benign),Cleft palate
Oropharynx (Benign),Ectropion inferior cleft lip and or palate
Oropharynx (Benign),Hamartomas of tongue
Oropharynx (Benign),Leukoplakia
Oropharynx (Benign),Microstomia
Oropharynx (Benign),Orofacial Cleft
Oropharynx (Benign),Papillomatous papule
Oropharynx Cancer,Cancer of pharynx
Oropharynx Cancer,Carcinoma of pharynx
Oropharynx Cancer,Malignancy of pharynx
Oropharynx Cancer,Oral cavity cancer
Oropharynx Cancer,pharynx Cancer
Oropharynx Cancer,pharynx Carcinoma
Oropharynx Cancer,pharynx Malignancy
Oropharynx Cancer,Throat cancer other
Osteofibrous Dysplasia,Osteofibrous dysplasia
Ovarian (Benign),immature ovarian teratoma
Ovarian (Benign),Ovarian (Benign)
Ovarian (Benign),Ovarian Fibroma
Ovarian (Benign),Ovary (Benign)
Ovarian (Benign),PREMATURE OVARIAN FAILURE 15
Ovarian (Benign),"streak ovaries, hypoplastic uterus"
Ovarian (Borderline),borderline epithelial tumor of ovary
Ovarian (Borderline),Borderline ovarian tumor
Ovarian Cancer,Cancer of Fallopian Tube
Ovarian Cancer,Cancer of Ovarian
Ovarian Cancer,Cancer of Ovaries
Ovarian Cancer,Cancer of Ovary
Ovarian Cancer,Cancer of Peritoneal
Ovarian Cancer,Carcinoma of Fallopian Tube
Ovarian Cancer,Carcinoma of Ovarian
Ovarian Cancer,Carcinoma of Ovaries
Ovarian Cancer,Carcinoma of Ovary
Ovarian Cancer,Carcinoma of Peritoneal
Ovarian Cancer,Carcinomatosis of peritoneal cavity
Ovarian Cancer,Carcinomatosis of the Peritoneum
Ovarian Cancer,Epithelial ovarian cancer
Ovarian Cancer,fallopian cancer
Ovarian Cancer,Fallopian Tube cancer
Ovarian Cancer,Fallopian Tube carcinoma
Ovarian Cancer,Fallopian Tube Malignancy
Ovarian Cancer,Intraperitoneal Cancer
Ovarian Cancer,maligant granulosa cell tumor of ovary
Ovarian Cancer,Malignancy of Fallopian Tube
Ovarian Cancer,Malignancy of Ovarian
Ovarian Cancer,Malignancy of Ovaries
Ovarian Cancer,Malignancy of Ovary
Ovarian Cancer,Malignancy of Peritoneal
Ovarian Cancer,malignant dysgerminomatous germ cell tumor of ovary
Ovarian Cancer,malignant epithelial tumor of ovary
Ovarian Cancer,malignant germ cell tumor of ovary
Ovarian Cancer,malignant mixed mullerian tumor of the ovary
Ovarian Cancer,Malignant Neoplasm of Fallopian Tube
Ovarian Cancer,Malignant Neoplasm of Ovary
Ovarian Cancer,"Malignant neoplasm of peritoneum, unspecified"
Ovarian Cancer,malignant non-dysgerminomatous germ cell tumor of ovary
Ovarian Cancer,malignant Sertoli-leydig cell tumor of ovary
Ovarian Cancer,malignant sex cord stromal tumor of ovary
Ovarian Cancer,Malignant tumor of fallopian tubes
Ovarian Cancer,Malignant tumor of peritoneum
Ovarian Cancer,ovarian adenocarcinoma
Ovarian Cancer,Ovarian Cancer
Ovarian Cancer,Ovarian carcinoma
Ovarian Cancer,ovarian clear cell adenocarcinoma
Ovarian Cancer,ovarian endometrioid
Ovarian Cancer,Ovarian epithelial cancer
Ovarian Cancer,Ovarian Malignancy
Ovarian Cancer,ovarian mucinous adenocarcinoma
Ovarian Cancer,Ovarian sex cord/stromal tumor
Ovarian Cancer,ovarian small cell carcinoma
Ovarian Cancer,ovarian tubal serous cancer
Ovarian Cancer,Ovaries Cancer
Ovarian Cancer,Ovaries Carcinoma
Ovarian Cancer,Ovaries Malignancy
Ovarian Cancer,Ovary Cancer
Ovarian Cancer,Ovary carcinoma
Ovarian Cancer,Ovary Malignancy
Ovarian Cancer,Peritoneal Cancer
Ovarian Cancer,peritoneal carcinoma
Ovarian Cancer,Peritoneal Cavity Cancer
Ovarian Cancer,Peritoneal Malignancy
Ovarian Cancer,peritoneal neoplasm
Ovarian Cancer,peritoneum cancer
Ovarian Cancer,Primary carcinoma of the peritoneum
Ovarian Cancer,primary malignant peritoneal tumor
Ovarian Cancer,primary non-gestational choriocarcinoma of ovary
Ovarian Cancer,Primary Peritoneal
Ovarian Cancer,Primary Peritoneal cancer
Ovarian Cancer,Primary Peritoneal carcinoma
Ovarian Cancer,primary peritoneal serous/papillary carcinoma
Ovarian Cancer,serous ovarian cancer
Ovarian Cancer,"Small Cell Carcinoma of the Ovary, Hypercalcemic Type (SCCOHT)"
Ovarian Cancer,"theca steroid-producing cell malignant tumor of ovary, not further specified"
Ovarian Neoplasm,Fallopian Tube Neoplasm
Ovarian Neoplasm,Neoplasm of ovary
Ovarian Neoplasm,"Neoplasm, Ovarian"
Ovarian Neoplasm,Non epithelial ovarian tumor
Ovarian Neoplasm,Ovarian Cyst
Ovarian Neoplasm,Ovarian Mucinous Cystadenoma
Ovarian Neoplasm,Ovarian Neoplam
Ovarian Neoplasm,Ovarian Tumor
Ovarian Neoplasm,Sex Cord Tumor
Pancreas (Benign),Chronic Pancreatitis
Pancreas (Benign),Pancreas (Benign)
Pancreas (Benign),Pancreatic Cysts
Pancreatic Cancer,Adenocarcinoma of Pancreas
Pancreatic Cancer,Ampulla of Vater cancer
Pancreatic Cancer,Cancer of Pancreas
Pancreatic Cancer,Cancer of Pancreatic
Pancreatic Cancer,Carcinoma of pancreas
Pancreatic Cancer,Carcinoma of Pancreatic
Pancreatic Cancer,exocrine pancreatic carcinoma
Pancreatic Cancer,Intraductal papillary mucinious neoplasm
Pancreatic Cancer,Malignancy of Pancreas
Pancreatic Cancer,Malignancy of Pancreatic
Pancreatic Cancer,malignant exocrine pancreas neoplasm
Pancreatic Cancer,Malignant neoplasm of pancreas
Pancreatic Cancer,Malignant Pancreatic Neoplasm
Pancreatic Cancer,Malignant Tumor of Exocrine Pancreas
Pancreatic Cancer,Pancreas cancer
Pancreatic Cancer,Pancreas carcinoma
Pancreatic Cancer,Pancreas Malignancy
Pancreatic Cancer,pancreatic adenocarcinoma
Pancreatic Cancer,pancreatic cacner
Pancreatic Cancer,Pancreatic cancer
Pancreatic Cancer,Pancreatic cancer 2
Pancreatic Cancer,Pancreatic cancer 3
Pancreatic Cancer,Pancreatic cancer 4
Pancreatic Cancer,Pancreatic cancers
Pancreatic Cancer,Pancreatic carcinoma
Pancreatic Cancer,Pancreatic carcinomas
Pancreatic Cancer,pancreatic ductal adenocarcinoma
Pancreatic Cancer,Pancreatic Malignancy
Pancreatic Cancer,pancreatic tumour
Pancreatic Cancer,Periampullary adenoma
Pancreatic Cancer,tumor of exocrine pancreas
Pancreatic Neoplasm,Ampullary adenoma
Pancreatic Neoplasm,Intraductal pancreatic mucinous neoplasia (IPMN)
Pancreatic Neoplasm,ipmn
Pancreatic Neoplasm,Neoplasm of the pancreas
Pancreatic neoplasm,pancreatic neoplasm
Pancreatitis,Pancreatitis
Pancreatitis,Tropical calcific pancreatitis
Parathyroid (Benign),Parathyroid (Benign)
Parathyroid (Benign),Primary Hyperparathyroidism
Parathyroid Carcinoma,Parathyroid Cancer
Parathyroid Carcinoma,Parathyroid carcinoma
Parathyroid Neoplasm,Parathyroid adenoma
Parathyroid Neoplasm,Parathyroid Neoplasm
Parathyroid Neoplasm,Parathyroid tumor
Parkinson,"Parkinson disease, juvenile, type 2"
Parotid Gland Cancer,Parotid Gland Cancer
Peripheral Nervous System Benign,ganglioneuroma
Peripheral Nervous System Benign,Psammomatous Melanotic Schwannomas
Peripheral Nervous System Benign,Vestibular Schwannoma
Peripheral Nervous System Cancer,Ganglioneuroblastoma
Peripheral Nervous System Cancer,MPNST
Peripheral Nervous System Cancer,Neuroblastoma
Peripheral Nervous System Cancer,Neurosarcoma
Peripheral Nervous System Cancer,Peripheral Nervous System Cancer
Peripheral Nervous System Neoplasm,Cancer of Peripheral nervous
Peripheral Nervous System Neoplasm,Carcinoma of Peripheral nervous
Peripheral Nervous System Neoplasm,Malignancy of Peripheral nervous
Peripheral Nervous System Neoplasm,Malignant peripheral nerve sheath tumour
Peripheral Nervous System Neoplasm,Mucosal Neuromas
Peripheral Nervous System Neoplasm,nerve sheath neoplasm
Peripheral Nervous System Neoplasm,Nerve Sheath Tumor
Peripheral Nervous System Neoplasm,peripheral nerve sheath neoplasm
Peripheral Nervous System Neoplasm,Peripheral nervous Cancer
Peripheral Nervous System Neoplasm,Peripheral nervous Carcinoma
Peripheral Nervous System Neoplasm,Peripheral nervous Malignancy
Peripheral Nervous System Neoplasm,peripheral nervous system neoplasm
Peripheral Nervous System Neoplasm,Primitive neuroectodermal tumor
Peripheral Nervous System Neoplasm,Schwannoma
Peripheral Nervous System Neoplasm,Schwannomatosis
Pheochromocytoma/Paraganglioma,adrenal gland pheochromocytoma
Pheochromocytoma/Paraganglioma,Adrenal pheochromocytoma
Pheochromocytoma/Paraganglioma,Benign paraganglioma
Pheochromocytoma/Paraganglioma,Malignant paraganglioma
Pheochromocytoma/Paraganglioma,Paraganglioma
Pheochromocytoma/Paraganglioma,Paraganglioma and Pheochromocytoma
Pheochromocytoma/Paraganglioma,phaeochromocytoma
Pheochromocytoma/Paraganglioma,Pheochromocytoma
Pituitary Cancer,pituitary adenocarcinoma
Pituitary Cancer,pituitary cancer
Pituitary Cancer,pituitary carcinoma
Pituitary Neoplasm,Anterior pituitary tumor
Pituitary Neoplasm,Neoplasm of the pituitary gland
Pituitary Neoplasm,pituitary adenoma
Pituitary Neoplasm,pituitary blastoma
Pituitary Neoplasm,Pituitary dependent hypercortisolism
Pituitary Neoplasm,pituitary gland adenoma
Pituitary Neoplasm,Pituitary Neoplasm
Pituitary Neoplasm,pituitary tumor
Pituitary Neoplasm,Pitutary adenoma
Pituitary Neoplasm,Prolactinoma
Pituitary Neoplasm,Prolactin-Producing Pituitary Gland Adenoma
Pituitary Neoplasm,Prolactin-secreting pituitary adenoma
Pituitary Neoplasm,Somatotroph adenoma
Plasma Cell Cancer,Multiple Myeloma
Plasma Cell Cancer,Myeloma
Plasma Cell Cancer,Plasma Cell Cancer
Plasma Cell Neoplasm,Hemophagocytic lymphohistiocytosis
Plasma Cell Neoplasm,Langerhans cell histiocytosis
Plasma Cell Neoplasm,Macroglobulinemia
Plasma Cell Neoplasm,Monoclonal gammopathy of unknown significance
Plasma Cell Neoplasm,Myelodysplastic Syndrome
Plasma Cell Neoplasm,Plasma Cell Neoplasm
Plasma Cell Neoplasm,Plasmacytoma
Plasma Cell Neoplasm,Waldenstrom's macroglobulinemia
Prostate Benign,benign prostatic hyperplasia
Prostate Benign,Benign Prostatic Hypertrophy
Prostate Benign,"Hypertrophy, Benign Prostatic"
Prostate Benign,nodular prostate
Prostate Benign,PROSTATIC HYPERPLASIA
Prostate Cancer,Cancer of Prostate
Prostate Cancer,Cancer of Prostrate
Prostate Cancer,Carcinoma of Prostate
Prostate Cancer,Carcinoma of Prostrate
Prostate Cancer,Malignancy of Prostate
Prostate Cancer,Malignancy of Prostrate
Prostate Cancer,Malignant Neoplasm of Prostate
Prostate Cancer,Malignant tumor of prostate
Prostate Cancer,Prostate cancer
Prostate Cancer,Prostate carcinoma
Prostate Cancer,Prostate Malignancy
Prostate Cancer,Prostrate Cancer
Prostate Cancer,Prostrate Carcinoma
Prostate Cancer,Prostrate Malignancy
Prostate Neoplasm,Prostate Neoplasm
Prostate Neoplasm,prostatic adenoma
Psychiatric,Autism
Psychiatric,Autism spectrum disorder
Psychiatric,Obsessive-Compulsive Disorder
Psychiatric,Psychiatric
Psychiatric,Schizophrenia
Psychiatric,Schizophrenic
Pulmonary Fibrosis,Pulmonary fibrosis
Retinoblastoma,retinoblastoma
Retroperitoneum And Peritoneum Cancer,Retroperitoneum and peritoneum
Sarcoma,Adamantinoma
Sarcoma,angiosarcoma
Sarcoma,angiosarcoma (disease)
Sarcoma,Atypical teratoid rhabdoid tumor
Sarcoma,bone osteosarcoma
Sarcoma,bone sarcoma
Sarcoma,breast sarcoma
Sarcoma,Cancer of Connective tissue
Sarcoma,Cancer of Soft Tissue
Sarcoma,Carcinoma of Connective tissue
Sarcoma,Carcinoma of Soft Tissue
Sarcoma,Childhood Soft Tissue Sarcoma
Sarcoma,Chondrosarcoma
Sarcoma,Connective tissue Cancer
Sarcoma,Connective tissue Carcinoma
Sarcoma,Connective tissue Malignancy
Sarcoma,dedifferentiated liposarcoma
Sarcoma,embryonal rhabdomyosarcoma
Sarcoma,endometrioid stromal sarcoma
Sarcoma,epithelioid leiomyosarcoma
Sarcoma,epithelioid sarcoma
Sarcoma,Ewing sarcoma
Sarcoma,Fibrosarcoma
Sarcoma,Genitourinary Embryonal Rhabdomyosarcoma
Sarcoma,gliosarcoma
Sarcoma,Hemangiosarcoma
Sarcoma,liposarcoma
Sarcoma,Malignancy of Connective tissue
Sarcoma,Malignancy of Soft Tissue
Sarcoma,Malignant fibrous histiocytoma
Sarcoma,malignant peripheral nerve sheath tumor
Sarcoma,malignant soft tissue neoplasm
Sarcoma,Malignant Tumor of Soft Tissue
Sarcoma,myxoid leiomyosarcoma
Sarcoma,NEUROFIBROSARCOMA
Sarcoma,Non-Metastatic Childhood Soft Tissue Sarcoma
Sarcoma,Osteogenic sarcoma
Sarcoma,Osteosarcoma
Sarcoma,pleomorphic liposarcoma
Sarcoma,rhabdoid
Sarcoma,Rhabdoid tumor
Sarcoma,rhabdomyosarcoma
Sarcoma,Sarcoma
Sarcoma,Sarcoma (Bone)
Sarcoma,Sarcoma of Breast
Sarcoma,Sarcoma of Soft Tissue
Sarcoma,Sarcoma unspecified
Sarcoma,"Sarcoma, Epithelioid"
Sarcoma,small intestine leiomyosarcoma
Sarcoma,Soft Tissue Cancer
Sarcoma,Soft Tissue Carcinoma
Sarcoma,Soft Tissue Malignancy
Sarcoma,Soft Tissue Sarcoma
Sarcoma,spindle cell sarcoma
Sarcoma,Synovial sarcoma
Sarcoma,Thoracic sarcoma
Sclerosteosis,Sclerosteosis
Sebaceous Adenoma,Sebaceous Adenoma
Sebaceous Cancer,Cancer of Sebaceous Gland
Sebaceous Cancer,Carcinoma of Sebaceous Gland
Sebaceous Cancer,Malignancy of Sebaceous Gland
Sebaceous Cancer,Sebaceous cancer
Sebaceous Cancer,Sebaceous carcinoma
Sebaceous Cancer,Sebaceous Gland cancer
Sebaceous Cancer,Sebaceous Gland carcinoma
Sebaceous Cancer,Sebaceous Gland Malignancy
Skin (Benign),Acral Keratoses
Skin (Benign),Albinism
Skin (Benign),"Albinism, ocular, with sensorineural deafness"
Skin (Benign),Atypical nevus
Skin (Benign),Atypical spitz tumor
Skin (Benign),Benign cutaneous lesion (e.g. epidermoid cysts and fibromas)
Skin (Benign),Benign Melanocytic Nevus
Skin (Benign),Café au lait
Skin (Benign),Cafe-au-lait macules with pulmonary stenosis
Skin (Benign),Cafe-Au-Lait Spots
Skin (Benign),Congenital giant melanocytic nevus
Skin (Benign),Cutaneous cyst
Skin (Benign),Cutaneous Lichen Amyloidosis
Skin (Benign),Cutaneous Myxoma
Skin (Benign),Cyst of Skin
Skin (Benign),dysplastic nevus
Skin (Benign),Ephelides
Skin (Benign),Epidermal nevi
Skin (Benign),Epidermal Nevus
Skin (Benign),Epidermoid Cysts
Skin (Benign),"Epidermolysis bullosa, lethal acantholytic"
Skin (Benign),Facial papules
Skin (Benign),Fibrofolliculoma
Skin (Benign),Fibrofolliculomas
Skin (Benign),Keratoacanthoma
Skin (Benign),Keratosis palmoplantaris striata II
Skin (Benign),"Keratosis, seborrheic"
Skin (Benign),Lentigines
Skin (Benign),Livedo
Skin (Benign),Macular Pigmentation Of Glans Penis
Skin (Benign),Melanocytic nevus
Skin (Benign),Mucocutaneous myoma
Skin (Benign),Nevi
Skin (Benign),"Nevi
- Ephelides
Centrofacial/mucosal -lentigines
- Blue nevi
- Thin skin
- Striae
- Easy bruising"
Skin (Benign),Nevus
Skin (Benign),Palmoplantar keratoses
Skin (Benign),"Palmoplantar Keratoses - Multiple facial papules
- Acral keratoses
- Multiple skin tags
- Facial trichilemmomas
- Subcutaneous lipomas"
Skin (Benign),Palmoplantar Pits
Skin (Benign),Penile freckling
Skin (Benign),Perioral freckling
Skin (Benign),Piebaldism
Skin (Benign),Pigmentation of glans penis
Skin (Benign),Pilomatrixoma
Skin (Benign),Skin (Benign)
Skin (Benign),Skin Freckling -Axillary and Inguinal
Skin (Benign),skin papilloma
Skin (Benign),Skin Pigmentation
Skin (Benign),skin rash
Skin (Benign),skin tag
Skin (Benign),Spitz nevus
Skin (Benign),Trichilemmoma
Skin Cancer (Non-Melanoma),basal cell carcinoma
Skin Cancer (Non-Melanoma),Cancer of Skin
Skin Cancer (Non-Melanoma),Carcinoma of Skin
Skin Cancer (Non-Melanoma),Malignancy of Skin
Skin Cancer (Non-Melanoma),Malignant Neoplasm of Skin
Skin Cancer (Non-Melanoma),Merkel Cell Carcinoma
Skin Cancer (Non-Melanoma),Skin Cancer
Skin Cancer (Non-Melanoma),Skin Carcinoma
Skin Cancer (Non-Melanoma),Skin Malignancy
Skin Cancer Non Melanoma,Dermatofibrosarcoma protuberans
Skin Cancer Non-Melanoma,Basal cell cancer
Skin Neoplasm,Cutaneous Leiomyoma
Skin Neoplasm,Cylindromatosis
Skin Neoplasm,Dysplastic nevi
Skin Neoplasm,skin benign neoplasm
Small Intestine Benign,Intussusception
Small Intestine Cancer,Adenocarcinoma of Small Intestine
Small Intestine Cancer,Adenocarcinoma of the small intestine
Small Intestine Cancer,Cancer of Small Bowel
Small Intestine Cancer,Cancer of Small Instestine
Small Intestine Cancer,Carcinoma of Small Bowel
Small Intestine Cancer,Carcinoma of Small Instestine
Small Intestine Cancer,Carcinoma of Small Intestine
Small Intestine Cancer,Malignancy of Small Bowel
Small Intestine Cancer,Malignancy of Small Instestine
Small Intestine Cancer,Small Bowel cancer
Small Intestine Cancer,Small Bowel carcinoma
Small Intestine Cancer,Small Bowel Malignancy
Small Intestine Cancer,Small Instestine Cancer
Small Intestine Cancer,Small Instestine Carcinoma
Small Intestine Cancer,Small Instestine Malignancy
Small Intestine Cancer,small intestine adenocarcinoma
Small Intestine Cancer,small intestine cancer
Small Intestine Cancer,small intestine carcinoma
Small Intestine Cancer,squamous cell carcinoma of the small intestine
Small Intestine Neoplasm,Small Intestine Neoplasm
Small Intestine Neoplasm,small intestine polyp
Small Intestine Neoplasm,small intestine polyp adenomatous
Small Intestine Neoplasm,small intestine polyp hamartomatous
Small Intestine Neoplasm,small intestine polyp hyperplastic
Small Intestine Neoplasm,Tumor of the small intestine
Small Intestine Neoplasm,Tumors of the small intestine
Soft Tissue (Benign),Other connective and soft tissue
Soft Tissue Neoplasm,Aggressive Fibromatosis
Soft Tissue Neoplasm,Cardiac Rhabdomyomas
Soft Tissue Neoplasm,Desmoid
Soft Tissue Neoplasm,"Fibromatosis, Aggressive"
Soft Tissue Neoplasm,Leiomyoma
Soft Tissue Neoplasm,Lymphangioleiomyoma
Soft Tissue Neoplasm,Myxomas
Soft Tissue Neoplasm,Soft Tissue Neoplasia
Soft Tissue Neoplasm,Soft Tissue Neoplasm
Soft Tissue Neoplasm,Soft Tissue Tumor
SPERMATOGENIC FAILURE,SPERMATOGENIC FAILURE
Spleen (Benign),Spleen (Benign)
Spleen (Benign),Splenomegaly
Teeth (Benign),"Conical teeth
- Hypodontia
- Delayed dentition"
Teeth (Benign),Dental abnormality
Teeth (Benign),Keratocystic odontogenic tumor
Teeth (Benign),Malocclusion
Teeth (Benign),"Malocclusion
- Delayed tooth eruption
- Hypodontia"
Teeth (Benign),Odontogenic Keratocysts
Teeth (Benign),Odontoma
Teeth (Benign),Oligodontia
Teeth (Benign),Supranummary teeth (Odontoma)
Teeth (Benign),Teeth (Benign)
Teeth (Benign),Tooth agenesis
Testicular Benign,"Cryptorchidism, ectopic ureter"
Testicular Benign,"Cryptorchidism, Hypospadias"
Testicular Benign,"Hydrocele
- Varicocele"
Testicular Cancer,Cancer of Testicular
Testicular Cancer,Carcinoma of Testicular
Testicular Cancer,Gonadoblastoma
Testicular Cancer,Leydig Cell Tumour of the Testis
Testicular Cancer,Malignancy of Testicular
Testicular Cancer,Malignant Neoplasm of Testis
Testicular Cancer,Malignant Testicular Germ Cell Tumor
Testicular Cancer,Malignant tumor of testis
Testicular Cancer,seminoma
Testicular Cancer,spermatocytic seminoma
Testicular Cancer,testicular cancer
Testicular Cancer,Testicular Carcinoma
Testicular Cancer,testicular germ cell tumor
Testicular Cancer,Testicular Malignancy
Testicular Cancer,testicular malignant germ cell cancer
Testicular Cancer,testicular seminoma
Testicular Cancer,Testicular stromal tumor
Testicular Cancer,testicular teratoma
Testicular Cancer,testis seminoma
Testicular Neoplasm,Epididymal Cystadenomas
Testicular Neoplasm,Large Cell Calcifying Sertoli Cell Tumor
Testicular Neoplasm,Large-cell Calcifying Sertoli Cell Tumors
Testicular Neoplasm,Sertoli Cell Tumor
Testicular Neoplasm,testicular neoplasm
Testicular Neoplasm,Testicular Tumor
Thymoma,Thymoma
Thyroid (Benign),Benign thyroid disease
Thyroid (Benign),Goiter
Thyroid (Benign),Hashimoto thyroiditis
Thyroid (Benign),Hypothyroid
Thyroid (Benign),multinodular goiter
Thyroid (Benign),Thyroid (Benign)
Thyroid (Benign),Thyroid hypoplasia
Thyroid Cancer,anaplastic thyroid carcinoma (disease)
Thyroid Cancer,Cancer of Thyroid
Thyroid Cancer,Carcinoma of Thyroid
Thyroid Cancer,Malignancy of Thyroid
Thyroid Cancer,Malignant Neoplasm of Thyroid
Thyroid Cancer,Medullary Carcinoma of Thyroid
Thyroid Cancer,Medullary Thyroid Cancer
Thyroid Cancer,Medullary thyroid carcinoma
Thyroid Cancer,medullary thyroid gland carcinoma
Thyroid Cancer,Non-Medullary  thyroid carcinoma
Thyroid Cancer,PAPILLARY CARCINOMA OF THYROID
Thyroid Cancer,Papillary thyroid cancer
Thyroid Cancer,papillary thyroid carcinoma
Thyroid Cancer,Thyroid cancer
Thyroid Cancer,thyroid carcinoma
Thyroid Cancer,thyroid gland carcinoma
Thyroid Cancer,Thyroid Malignancy
Thyroid Cancer,thyroid medullary carcinoma
Thyroid Cancer,Thyroid Papillary Carcinoma
Thyroid Neoplasm,Neoplasia of the thyroid gland
Thyroid Neoplasm,thyroid adenoma
Thyroid Neoplasm,Thyroid follicular hyperplasia
Thyroid Neoplasm,thyroid neoplasm
Thyroid Neoplasm,Thyroid tumor
Trypsinogen Deficiency,Trypsinogen deficiency
UGI Cancer,UGI Cancer
UGI Cancer,UGI Carcinoma
UGI Cancer,UGI Malignancy
UGI Cancer,upper gastrointestinal malignancy
UGI Cancer,Upper GI cancer
Upper Urinary Tract Cancer,Cancer of Kidney/ureter
Upper Urinary Tract Cancer,Cancer of Renal pelvis
Upper Urinary Tract Cancer,Cancer of Upper Urinary Tract
Upper Urinary Tract Cancer,Carcinoma of Kidney/ureter
Upper Urinary Tract Cancer,Carcinoma of Renal pelvis
Upper Urinary Tract Cancer,Carcinoma of Upper Urinary Tract
Upper Urinary Tract Cancer,Kidney/ureter Cancer
Upper Urinary Tract Cancer,Kidney/ureter Carcinoma
Upper Urinary Tract Cancer,Kidney/ureter Malignancy
Upper Urinary Tract Cancer,Malignancy of Kidney/ureter
Upper Urinary Tract Cancer,Malignancy of Renal pelvis
Upper Urinary Tract Cancer,Malignancy of Upper Urinary Tract
Upper Urinary Tract Cancer,Renal pelvis Cancer
Upper Urinary Tract Cancer,Renal pelvis Carcinoma
Upper Urinary Tract Cancer,Renal pelvis Malignancy
Upper Urinary Tract Cancer,Renal pelvis/Kidney
Upper Urinary Tract Cancer,Upper Urinary Tract Cancer
Upper Urinary Tract Cancer,Upper Urinary Tract Carcinoma
Upper Urinary Tract Cancer,Upper Urinary Tract Malignancy
Upper Urinary Tract Cancer,urinary tract cancer
Ureter Cancer,Cancer of Ureter
Ureter Cancer,Carcinoma of Ureter
Ureter Cancer,Malignancy of Ureter
Ureter Cancer,Ureter cancer
Ureter Cancer,Ureter carcinoma
Ureter Cancer,Ureter Malignancy
Urinary Tract Cancer,Cancer of Urinary organs
Urinary Tract Cancer,Cancer of Urinary Tract
Urinary Tract Cancer,Cancer of Urothelial
Urinary Tract Cancer,Carcinoma of Urinary organs
Urinary Tract Cancer,Carcinoma of Urinary tract
Urinary Tract Cancer,Carcinoma of Urothelial
Urinary Tract Cancer,Malignancy of Urinary organs
Urinary Tract Cancer,Malignancy of Urinary tract
Urinary Tract Cancer,Malignancy of Urothelial
Urinary Tract Cancer,Malignant Urinary System Neoplasm
Urinary Tract Cancer,Malignant Urinary Tract Neoplasm
Urinary Tract Cancer,Urinary organs Cancer
Urinary Tract Cancer,Urinary organs Carcinoma
Urinary Tract Cancer,Urinary organs Malignancy
Urinary Tract Cancer,urinary system cancer
Urinary Tract Cancer,Urinary tract Cancer
Urinary Tract Cancer,Urinary tract Carcinoma
Urinary Tract Cancer,Urinary tract Malignancy
Urinary Tract Cancer,uroepithelial cancer
Urinary Tract Cancer,Urothelial cancer
Urinary Tract Cancer,Urothelial Carcinoma
Urinary Tract Cancer,Urothelial Malignancy
Urinary Tract Neoplasm,benign urinary system neoplasm
Urinary Tract Neoplasm,urinary system benign neoplasm
Urinary Tract Neoplasm,Urinary Tract Neoplasm
Urinary Tract Neoplasm,Urologic Neoplasms
Uterus (Benign),primitive neuroectodermal tumor of the corpus uteri
Uterus (Benign),Uterine Corpus (Benign)
Uterus (Benign),Uterine Fibroid
Uterus Cancer,Cancer of uterine body
Uterus Cancer,Carcinoma of uterine body
Uterus Cancer,leiomyosarcoma
Uterus Cancer,Malignancy of uterine body
Uterus Cancer,uterine body Cancer
Uterus Cancer,uterine body Carcinoma
Uterus Cancer,uterine body Malignancy
Uterus Cancer,uterine corpus cancer
Uterus Cancer,uterine corpus carcinofibroma
Uterus Cancer,uterine corpus mixed epithelial and mesenchymal neoplasm
Uterus Cancer,Uterine leiomyoma
Uterus Cancer,Uterine leiomyosarcoma
Uterus Cancer,Uterus Cancers
Uterus Neoplasm,Uterine Tumor
Uterus Neoplasm,Uterus Neoplasm
VACTERL Association With Hydrocephalus,VACTERL association with hydrocephalus
Yolk Sac Tumor,yolk sac tumor